corridor,grade_band,rides_am,rides_pm,north_miles,east_miles
North,elementary,yes,yes,-0.4680,0.1756
North,elementary,yes,yes,-0.3426,0.2317
North,high,no,yes,0.0689,0.5117
North,elementary,yes,yes,0.5157,0.9258
North,middle,yes,yes,-0.4861,0.5814
North,elementary,yes,yes,-0.0105,-0.4881
North,elementary,yes,yes,-0.6052,-0.0586
North,elementary,yes,yes,-0.2649,-0.5024
North,elementary,yes,yes,0.2918,0.1695
North,elementary,yes,no,-0.5364,-0.2140
North,elementary,yes,yes,0.4530,0.4764
North,middle,yes,yes,-0.2181,-0.2945
North,elementary,yes,yes,0.1162,-0.2501
North,elementary,yes,no,0.3175,-0.0005
North,middle,yes,yes,-0.0228,-0.1191
North,elementary,yes,yes,0.3516,0.7203
North,elementary,yes,no,0.2372,0.1773
North,elementary,no,yes,0.0517,-0.4331
North,elementary,yes,no,-0.0989,0.1359
North,middle,no,yes,-0.2770,0.4915
North,middle,yes,yes,0.4462,-0.6505
North,elementary,yes,yes,-0.2590,0.5040
North,elementary,yes,yes,0.3798,0.2423
North,elementary,yes,yes,0.0046,-0.0586
North,elementary,yes,no,-0.2999,0.0509
North,middle,yes,yes,0.2144,-0.5899
North,middle,yes,no,0.4035,0.3295
North,elementary,yes,yes,-0.3596,0.2734
North,elementary,yes,yes,-0.0891,0.4594
North,elementary,yes,no,0.1385,-1.0708
North,elementary,yes,no,0.4333,-0.4622
North,elementary,yes,no,-0.7680,-0.2672
North,elementary,yes,no,0.3192,0.1821
North,elementary,yes,yes,0.3380,0.6657
North,elementary,yes,no,-0.2090,-0.6801
North,elementary,yes,yes,0.1224,0.1424
North,elementary,yes,yes,0.3031,0.2130
North,elementary,yes,yes,0.4958,-0.0600
North,elementary,yes,yes,-0.4304,-0.4471
North,elementary,yes,yes,0.0269,0.0891
North,elementary,yes,no,0.1113,-0.1096
North,elementary,yes,yes,-0.1377,0.0900
North,elementary,yes,yes,-0.0743,-0.0361
North,elementary,yes,yes,-0.2059,0.1583
North,elementary,yes,yes,-0.3004,-0.0513
North,elementary,yes,yes,-0.3841,0.3346
North,elementary,yes,yes,-0.0294,0.7820
North,elementary,no,yes,0.5284,0.8561
North,elementary,yes,yes,-0.3080,-0.0857
North,elementary,no,yes,-0.2252,0.3511
North,elementary,yes,yes,-0.6815,0.0593
North,elementary,yes,no,-0.0913,-0.1222
North,elementary,yes,yes,-0.2892,-0.3688
North,middle,yes,yes,0.0360,0.0920
North,elementary,yes,yes,-0.1744,-0.5433
North,elementary,no,yes,0.5473,-1.0155
North,elementary,yes,no,-0.0300,0.3671
North,elementary,yes,yes,0.0929,0.0566
North,elementary,yes,yes,-0.2180,-0.4171
North,elementary,yes,yes,0.6838,-0.3856
South,high,yes,yes,-0.1127,-0.2236
South,high,yes,no,-0.1360,-0.0198
South,middle,yes,yes,-0.1636,0.6284
South,middle,yes,yes,0.2714,0.2124
South,high,no,yes,0.0139,-0.1360
South,high,yes,yes,-0.3731,-0.4324
South,high,yes,no,0.3325,-0.5313
South,high,yes,yes,0.1308,0.0946
South,high,yes,no,-0.6204,0.2049
South,high,no,yes,0.0194,0.4063
South,high,yes,yes,0.4060,0.5412
South,middle,yes,yes,0.3548,0.5336
South,high,yes,yes,-0.1627,-0.1636
South,high,yes,yes,-0.0518,0.4218
South,high,yes,yes,-0.0603,-0.1379
South,high,yes,yes,0.2108,0.0823
South,middle,yes,yes,0.1968,0.2289
South,high,yes,yes,-0.1016,0.1591
South,high,yes,yes,-0.6059,0.0047
South,high,yes,yes,0.3383,-0.2347
South,high,yes,no,-0.2150,0.1263
South,high,yes,yes,-0.0995,-0.4310
South,high,yes,yes,0.2407,-0.1803
South,middle,no,yes,-0.3132,-0.2292
South,middle,no,yes,-0.1821,0.2583
South,middle,yes,yes,0.0091,0.2843
South,high,yes,yes,-0.6569,-0.0372
South,high,yes,yes,0.4403,0.4357
South,high,yes,yes,-0.0502,0.3687
South,high,no,yes,-0.5796,-0.3086
South,middle,yes,yes,-0.5028,0.0934
South,middle,yes,yes,0.2201,-0.3444
South,high,yes,yes,-0.2798,-0.0256
South,high,yes,yes,-0.0059,-0.3649
South,elementary,yes,yes,0.1579,0.4813
South,high,no,yes,-0.2024,-0.0640
South,high,no,yes,-0.2729,-0.2655
South,middle,yes,yes,0.0869,0.0418
South,high,yes,yes,-0.3300,0.2883
South,middle,yes,yes,-0.3866,0.7904
South,high,yes,yes,-0.0726,0.0607
South,middle,yes,yes,-0.2011,-0.6007
South,high,yes,yes,0.2308,0.4733
South,high,yes,yes,-0.2336,-0.5643
South,high,no,yes,-0.5376,0.1667
South,middle,no,yes,-0.3737,0.2820
South,high,yes,yes,-0.8748,-0.2072
South,middle,yes,yes,0.2464,0.0392
South,elementary,yes,yes,0.6234,-0.2080
South,middle,yes,yes,-0.6547,-0.6834
South,high,yes,yes,-0.4590,0.1195
South,elementary,yes,yes,-0.2072,0.2325
South,high,yes,yes,-0.0234,-0.3824
South,high,yes,yes,0.4330,0.2160
South,high,yes,no,-0.4730,0.2550
South,high,yes,yes,-0.6288,-0.5538
South,middle,yes,yes,0.3807,-0.4887
South,high,yes,yes,-0.0369,0.3516
South,high,yes,yes,-0.2925,0.1119
South,high,yes,yes,0.4585,0.3210
East,elementary,no,yes,0.5874,0.3189
East,elementary,yes,yes,0.1132,0.0131
East,elementary,yes,no,0.3826,-0.0451
East,elementary,yes,yes,-0.0621,-0.0697
East,elementary,yes,yes,0.3353,-0.0128
East,high,yes,yes,-0.1978,0.2128
East,elementary,yes,yes,0.1404,0.1300
East,elementary,yes,yes,-0.0579,0.0417
East,middle,yes,yes,0.5667,0.3459
East,elementary,yes,yes,0.0548,0.1349
East,elementary,yes,yes,-0.3744,-0.3150
East,elementary,yes,yes,0.2937,-0.8841
East,elementary,yes,yes,0.2371,-0.0744
East,elementary,yes,yes,-0.9925,0.3906
East,elementary,yes,no,-0.0871,0.2537
East,elementary,yes,yes,-0.8380,0.4832
East,elementary,yes,yes,0.2743,0.2943
East,middle,yes,yes,0.7482,-0.1389
East,middle,yes,yes,0.0489,-0.0838
East,elementary,yes,yes,0.2676,0.5519
East,elementary,yes,yes,-0.5454,0.0926
East,elementary,no,yes,0.0973,0.4003
East,elementary,yes,yes,0.1908,-0.2526
East,elementary,yes,yes,0.0891,0.1170
East,elementary,yes,yes,-0.6238,0.6605
East,elementary,yes,yes,0.0031,0.0108
East,elementary,yes,yes,-0.4578,0.6094
East,elementary,yes,yes,-0.2268,0.2460
East,elementary,yes,yes,-0.2218,0.1940
East,elementary,yes,yes,0.3751,0.0954
East,elementary,yes,yes,-0.3680,0.3084
East,elementary,yes,yes,-0.1637,-0.3677
East,elementary,yes,yes,-0.0275,-0.4975
East,elementary,yes,yes,0.2894,0.0602
East,elementary,yes,yes,0.8658,-0.4992
East,middle,yes,yes,0.1842,0.2377
East,elementary,no,yes,0.5387,-0.3602
East,elementary,yes,yes,0.0165,-0.0716
East,high,yes,yes,0.2790,0.1249
East,elementary,yes,yes,0.3551,-1.0483
East,elementary,no,yes,-0.1837,0.5508
East,high,yes,yes,0.3471,0.4964
East,elementary,yes,yes,-0.3619,0.0190
East,elementary,no,yes,1.1883,0.0736
East,elementary,yes,yes,-0.4422,0.1638
East,elementary,yes,yes,0.4429,-1.3102
East,elementary,yes,yes,0.1392,0.3779
East,elementary,yes,yes,-0.3639,0.1161
East,elementary,yes,yes,0.1471,-0.1147
East,middle,yes,yes,-0.0412,-0.3660
East,elementary,yes,yes,0.0911,-0.8168
East,elementary,yes,yes,-0.0165,0.0829
East,middle,yes,yes,0.1823,-0.6424
East,elementary,yes,no,-0.2957,-0.1283
East,elementary,yes,yes,-0.0338,0.5133
East,elementary,yes,yes,0.4523,0.1313
East,elementary,yes,yes,0.2530,-0.0428
East,elementary,yes,no,-0.0301,-0.2665
East,elementary,yes,yes,0.0362,0.2534
East,elementary,yes,yes,0.1299,-0.2325
West,high,yes,yes,0.1011,-0.4749
West,middle,yes,no,0.0699,-0.3105
West,middle,no,yes,0.1829,-0.3746
West,middle,yes,yes,-0.3247,0.4376
West,middle,yes,yes,-0.5239,-0.5791
West,middle,yes,no,-0.2290,0.1527
West,high,yes,yes,0.3425,0.3131
West,middle,yes,yes,-0.1954,-0.3985
West,middle,yes,yes,0.3441,0.3024
West,middle,yes,yes,-0.2399,0.1107
West,middle,yes,no,0.5239,0.4738
West,middle,yes,yes,0.3054,-0.4822
West,middle,yes,yes,-0.3254,-0.3079
West,middle,yes,yes,-0.1780,-0.0140
West,middle,yes,yes,-0.2255,-0.2552
West,middle,yes,no,-0.3093,0.3790
West,middle,yes,yes,0.3088,-0.4481
West,middle,yes,yes,-0.0048,-0.4265
West,middle,yes,yes,0.0484,0.2134
West,middle,yes,yes,-0.0468,0.0042
West,middle,yes,yes,-0.1328,0.3087
West,elementary,yes,yes,-0.3561,-0.3073
West,middle,yes,no,0.0605,0.0017
West,middle,yes,yes,-0.4308,-0.7207
West,middle,no,yes,0.0551,-1.0382
West,middle,yes,yes,-0.2795,-0.4264
West,middle,yes,yes,-0.2632,0.4755
West,middle,no,yes,0.2767,0.4024
West,middle,no,yes,0.1421,0.3542
West,middle,yes,no,-0.3404,0.4903
West,middle,yes,yes,0.8293,0.0483
West,middle,yes,yes,-0.0380,-0.9577
West,elementary,yes,yes,0.1398,0.5580
West,elementary,yes,yes,-0.2243,-0.1302
West,middle,yes,yes,0.3765,-0.6064
West,middle,yes,yes,-0.4495,-0.2340
West,middle,yes,no,-0.0650,0.0806
West,middle,yes,yes,-0.0392,0.2656
West,middle,yes,yes,-0.1088,0.8408
West,middle,yes,yes,-0.7011,0.9106
West,middle,yes,yes,-0.0592,-0.3743
West,middle,yes,yes,0.3404,-0.1634
West,middle,yes,yes,0.1232,0.4695
West,middle,yes,yes,-0.2696,-0.4054
West,middle,yes,yes,0.2741,0.4120
West,middle,yes,no,-0.0896,-0.0757
West,middle,yes,yes,0.0341,-0.4240
West,middle,yes,yes,-0.7448,0.1837
West,middle,no,yes,0.5059,0.0449
West,middle,yes,yes,-0.1826,-0.0286
West,middle,yes,yes,-0.5768,-0.1165
West,middle,yes,yes,-0.4216,0.5785
West,middle,yes,yes,-0.4677,-0.2693
West,middle,no,yes,-0.4373,-0.0726
West,middle,yes,no,0.3186,0.2600
West,middle,yes,yes,-0.1350,0.1339
West,high,yes,yes,-0.5378,0.2953
West,elementary,yes,yes,-0.7918,0.3299
West,middle,yes,yes,0.7096,0.2102
West,middle,yes,yes,0.1029,0.7066
Rural,middle,yes,yes,1.1928,-0.0961
Rural,elementary,yes,yes,0.1709,0.2538
Rural,elementary,yes,no,0.0044,0.2736
Rural,elementary,yes,yes,-0.5705,0.1608
Rural,elementary,yes,no,-0.2794,-0.3339
Rural,elementary,no,yes,0.0059,-0.0118
Rural,elementary,yes,yes,0.3005,0.5704
Rural,elementary,yes,yes,0.0495,-0.5099
Rural,elementary,yes,yes,0.0817,0.1438
Rural,elementary,no,yes,-0.0622,-0.1888
Rural,elementary,no,yes,0.2264,-0.0153
Rural,elementary,yes,yes,-0.3232,0.7760
Rural,elementary,yes,yes,0.0479,0.1611
Rural,elementary,yes,yes,0.3544,0.3053
Rural,high,yes,yes,-0.4686,-0.0918
Rural,elementary,no,yes,0.2011,-0.2114
Rural,elementary,yes,yes,-0.0807,-0.5025
Rural,middle,yes,yes,0.3908,0.1972
Rural,middle,yes,yes,0.4141,1.0542
Rural,elementary,yes,yes,-0.1276,0.0131
Rural,elementary,yes,no,0.4678,-0.9756
Rural,elementary,yes,yes,0.6081,-0.1680
Rural,high,no,yes,-0.7595,0.2003
Rural,elementary,yes,yes,-0.3328,0.3529
Rural,elementary,yes,yes,0.6554,0.2282
Rural,elementary,yes,yes,-0.0468,0.0179
Rural,elementary,yes,yes,-0.2480,0.2271
Rural,elementary,yes,yes,0.8952,0.5093
Rural,elementary,no,yes,0.0458,-0.2068
Rural,elementary,yes,yes,-0.2204,-0.1832
Rural,elementary,yes,yes,-0.4073,0.2502
Rural,elementary,yes,yes,0.6516,0.3080
Rural,elementary,yes,yes,-0.7650,0.3160
Rural,elementary,yes,no,-0.2209,0.4734
Rural,elementary,yes,yes,-0.0975,-0.1727
Rural,elementary,yes,yes,0.0129,-0.4700
Rural,elementary,yes,yes,0.6442,-0.5911
Rural,elementary,yes,yes,0.2074,0.6499
Rural,middle,yes,no,-0.2375,0.6892
Rural,elementary,yes,yes,-0.2598,0.7439
Rural,elementary,yes,no,0.1256,0.3543
Rural,middle,yes,yes,0.1830,-0.0142
Rural,elementary,yes,yes,0.1254,0.4889
Rural,elementary,yes,no,-0.2523,0.3973
Rural,elementary,yes,no,-0.4386,-0.3399
Rural,elementary,yes,yes,-0.5930,0.1915
Rural,elementary,yes,yes,0.1888,-0.1601
Rural,high,yes,yes,0.4850,-0.0628
Rural,elementary,yes,yes,0.5330,0.3823
Rural,elementary,yes,yes,0.1753,0.7067
Rural,elementary,yes,yes,0.4974,-0.7805
Rural,middle,no,yes,-0.3356,-0.0377
Rural,elementary,yes,yes,-0.4945,-0.2596
Rural,elementary,yes,yes,-0.0051,-0.1006
Rural,elementary,yes,yes,0.5323,0.4344
Rural,high,no,yes,0.4724,0.0639
Rural,elementary,yes,yes,-0.4528,-0.4985
Rural,elementary,yes,yes,-0.1206,0.0785
Rural,elementary,yes,yes,0.5149,0.3104
Rural,elementary,yes,no,-0.4655,-0.4702
